<?xml version="1.0" encoding="UTF-8"?>
<project-private xmlns="http://www.netbeans.org/ns/project-private/1">
    <editor-bookmarks xmlns="http://www.netbeans.org/ns/editor-bookmarks/2" lastBookmarkId="0"/>
    <open-files xmlns="http://www.netbeans.org/ns/projectui-open-files/2">
        <group>
            <file>file:/D:/Java/DhakaEducationBoard/src/dhakaeducationboard/InstitutionHomeController.java</file>
            <file>file:/D:/Java/DhakaEducationBoard/src/dhakaeducationboard/RegistrarOffice.java</file>
            <file>file:/D:/Java/DhakaEducationBoard/src/dhakaeducationboard/HeadOfExaminationHomeController.java</file>
            <file>file:/D:/Java/DhakaEducationBoard/src/headOfExam/ExamSchedule.java</file>
            <file>file:/D:/Java/DhakaEducationBoard/src/dhakaeducationboard/ExaminerApplicationFormController.java</file>
            <file>file:/D:/Java/DhakaEducationBoard/src/dhakaeducationboard/RegistrarOfficeHomeController.java</file>
            <file>file:/D:/Java/DhakaEducationBoard/src/dhakaeducationboard/ViewRegCardController.java</file>
            <file>file:/D:/Java/DhakaEducationBoard/src/dhakaeducationboard/StudentHomeController.java</file>
            <file>file:/D:/Java/DhakaEducationBoard/src/dhakaeducationboard/RegistrationFormController.java</file>
            <file>file:/D:/Java/DhakaEducationBoard/src/dhakaeducationboard/LoginController.java</file>
            <file>file:/D:/Java/DhakaEducationBoard/src/dhakaeducationboard/TeacherHomeController.java</file>
            <file>file:/D:/Java/DhakaEducationBoard/src/dhakaeducationboard/PrepareRegSceneController.java</file>
            <file>file:/D:/Java/DhakaEducationBoard/src/dhakaeducationboard/Student.java</file>
            <file>file:/D:/Java/DhakaEducationBoard/src/dhakaeducationboard/EducationMinister.java</file>
            <file>file:/D:/Java/DhakaEducationBoard/src/headOfExam/ExamScheduleController.java</file>
            <file>file:/D:/Java/DhakaEducationBoard/src/dhakaeducationboard/Teacher.java</file>
            <file>file:/D:/Java/DhakaEducationBoard/src/dhakaeducationboard/RegistrationForm.java</file>
            <file>file:/D:/Java/DhakaEducationBoard/src/dhakaeducationboard/examinerApplicationForm.fxml</file>
        </group>
    </open-files>
</project-private>
